{
	"format_version": "1.8.0",
	"animations": {
		"animation.model.idle": {
			"loop": true,
			"animation_length": 2,
			"bones": {
				"body": {
					"position": {
						"0.0": {
							"post": [0, -2.9, 0],
							"lerp_mode": "catmullrom"
						},
						"1.0": {
							"post": [0, -5.69, 0],
							"lerp_mode": "catmullrom"
						},
						"2.0": {
							"post": [0, -2.8, 0],
							"lerp_mode": "catmullrom"
						}
					}
				},
				"left_arm": {
					"rotation": {
						"0.0": [90, -2.5, -77.5],
						"1.0": [91.31845, 9.91358, -69.88565],
						"2.0": [90, -2.5, -77.5]
					}
				},
				"lower_left_arm": {
					"rotation": {
						"0.0": [0, 0, 45],
						"1.0": [0, 10, 62.5],
						"2.0": [0, 0, 45]
					}
				},
				"palm": {
					"rotation": {
						"0.0": [0, -12.5, 10],
						"1.0": [-20, -32.5, 10],
						"2.0": [0, -12.5, 10]
					}
				},
				"left_thumb": {
					"rotation": {
						"0.0": [20, 0, 0],
						"1.0": [22.5, 0, 0],
						"2.0": [20, 0, 0]
					}
				},
				"lower_left_thumb": {
					"rotation": {
						"0.0": [32.5, 0, 0],
						"1.0": [32.5, 0, 0],
						"2.0": [32.5, 0, 0]
					}
				},
				"left_pointy": {
					"rotation": {
						"0.0": [0, -20, 0],
						"1.0": [0, -25, 0],
						"2.0": [0, -20, 0]
					}
				},
				"left_lower_pointy": {
					"rotation": {
						"0.0": [0, -12.5, 0],
						"1.0": [0, -12.5, 0],
						"2.0": [0, -12.5, 0]
					}
				},
				"left_pointy2": {
					"rotation": {
						"0.0": [0, -22.5, 0],
						"1.0": [0, -20, 0],
						"2.0": [0, -15, 0]
					}
				},
				"left_lower_pointy2": {
					"rotation": {
						"0.0": [0, -30, 0],
						"1.0": [0, -7.5, 0],
						"2.0": [0, -7.5, 0]
					}
				},
				"left_pointy3": {
					"rotation": {
						"0.0": [3.28396, -12.06754, 2.15279],
						"1.0": [3.28396, -12.06754, 2.15279],
						"2.0": [3.28396, -12.06754, 2.15279]
					}
				},
				"left_lower_pointy3": {
					"rotation": {
						"0.0": [-1.10693, -12.45167, 5.12076],
						"1.0": [-1.13304, -17.45072, 5.22188],
						"2.0": [-1.10693, -12.45167, 5.12076]
					},
					"position": [0, 0, 0]
				},
				"head": {
					"rotation": {
						"0.0": [-37.5, 0, 0],
						"1.0": [-37.5, 0, 0],
						"2.0": [-37.5, 0, 0]
					}
				},
				"leftleg": {
					"rotation": {
						"0.0": [-32.5, 37.5, 0],
						"1.0": [-47.5, 37.5, 0],
						"2.0": [-32.5, 37.5, 0]
					}
				},
				"lower_left_leg": {
					"rotation": {
						"0.0": [30, 0, 0],
						"1.0": [55, 0, 0],
						"2.0": [30, 0, 0]
					},
					"position": {
						"0.0": [-0.19834, 1.22289, -0.88187],
						"1.0": [-0.19834, 1.22289, -0.88187],
						"2.0": [-0.19834, 1.22289, -0.88187]
					}
				},
				"foot": {
					"rotation": {
						"0.0": [2.5, 0, 0],
						"1.0": [-7.5, 0, 0],
						"2.0": [2.5, 0, 0]
					}
				},
				"rightleg": {
					"rotation": {
						"0.0": [-32.5, -37.5, 0],
						"1.0": [-47.5, -37.5, 0],
						"2.0": [-32.5, -37.5, 0]
					}
				},
				"torso": {
					"rotation": {
						"0.0": [-35, 0, 0],
						"1.5": [-35, 0, 0],
						"2.0": [-35, 0, 0]
					}
				},
				"bone2": {
					"rotation": {
						"0.0": [62.5, 0, 0],
						"1.0": [62.5, 0, 0],
						"2.0": [62.5, 0, 0]
					},
					"position": {
						"0.0": [0, -0.81915, 0.57358],
						"1.0": [0, -0.81915, 0.57358],
						"2.0": [0, -0.81915, 0.57358]
					}
				},
				"bone3": {
					"rotation": {
						"0.0": [5, 0, 0],
						"1.0": [5, 0, 0],
						"2.0": [5, 0, 0]
					}
				},
				"bone4": {
					"rotation": {
						"0.0": [0.75, 0, 0],
						"0.4583": [0.75, 0, 0],
						"1.0": [2, 0, 0],
						"1.5": [0.75, 0, 0],
						"2.0": [0.75, 0, 0]
					}
				},
				"right_arm": {
					"rotation": {
						"0.0": [254.03932, 12.13692, 80.04431],
						"1.0": [238.65624, -0.27723, 55.47021],
						"2.0": [254.03932, 12.13692, 80.04431]
					}
				},
				"lower_right_arm": {
					"rotation": {
						"0.0": [180, 0, 45],
						"1.0": [180, -35, 45],
						"2.0": [180, 0, 45]
					}
				},
				"palm2": {
					"rotation": {
						"0.0": [0, 12.5, 10],
						"1.0": [0, 20, 10],
						"2.0": [0, 12.5, 10]
					}
				},
				"right_thumb": {
					"rotation": {
						"0.0": [20, 0, 0],
						"1.0": [20, 0, 0],
						"2.0": [20, 0, 0]
					}
				},
				"lower_right_thumb": {
					"rotation": {
						"0.0": [32.5, 0, 0],
						"0.9583": [32.5, 0, 0],
						"2.0": [32.5, 0, 0]
					}
				},
				"right_pointy4": {
					"rotation": {
						"0.0": [0, 20, 0],
						"1.0": [0, 20, 0],
						"2.0": [0, 20, 0]
					}
				},
				"right_lower_pointy4": {
					"rotation": {
						"0.0": [0, 12.5, 0],
						"1.0": [0, 12.5, 0],
						"2.0": [0, 12.5, 0]
					}
				},
				"right_pointy5": {
					"rotation": {
						"0.0": [0, 15, 0],
						"1.0": [0, 15, 0],
						"2.0": [0, 15, 0]
					}
				},
				"right_lower_pointy5": {
					"rotation": {
						"0.0": [0, -7.5, 0],
						"1.0": [0, -7.5, 0],
						"2.0": [0, -7.5, 0]
					}
				},
				"right_pointy6": {
					"rotation": {
						"0.0": [-3.284, 12.0675, -2.1528],
						"1.0": [-3.284, 12.0675, -2.1528],
						"2.0": [-3.284, 12.0675, -2.1528]
					}
				},
				"right_lower_pointy6": {
					"rotation": {
						"0.0": [1.1069, 12.4517, -5.1208],
						"1.0": [1.1069, 12.4517, -5.1208],
						"2.0": [1.1069, 12.4517, -5.1208]
					}
				},
				"lower_right_leg": {
					"rotation": {
						"0.0": [30, 0, 0],
						"1.0": [55, 0, 0],
						"2.0": [30, 0, 0]
					},
					"position": {
						"0.0": [-0.19834, 1.22289, -0.88187],
						"1.0": [-0.19834, 1.22289, -0.88187],
						"2.0": [-0.19834, 1.22289, -0.88187]
					}
				},
				"foot2": {
					"rotation": {
						"0.0": [2.5, 0, 0],
						"1.0": [-7.5, 0, 0],
						"2.0": [2.5, 0, 0]
					}
				},
				"bone5": {
					"rotation": [-1.75, 0, 0]
				},
				"bone6": {
					"rotation": {
						"0.0": [0.75, 0, 0],
						"0.4583": [0.75, 0, 0],
						"1.0": [2, 0, 0],
						"1.5": [0.75, 0, 0],
						"2.0": [0.75, 0, 0]
					}
				},
				"finger4": {
					"rotation": {
						"0.0": [-2.5, 0, 0],
						"2.0": [-2.5, 0, 0]
					}
				},
				"torso2": {
					"rotation": {
						"0.0": [7.5, 0, 0],
						"1.0": [7.5, 0, 0],
						"1.9583": [7.5, 0, 0]
					}
				}
			}
		},
		"animation.model.walk": {
			"loop": true,
			"animation_length": 2,
			"bones": {
				"body": {
					"position": {
						"0.0": {
							"post": {
								"vector": [0, -3.9, 0]
							},
							"lerp_mode": "catmullrom"
						},
						"0.5": {
							"post": {
								"vector": [0, -1.5, 0]
							},
							"lerp_mode": "catmullrom"
						},
						"1.0": {
							"post": {
								"vector": [0, -3.9, 0]
							},
							"lerp_mode": "catmullrom"
						},
						"1.5": {
							"post": {
								"vector": [0, -1.5, 0]
							},
							"lerp_mode": "catmullrom"
						},
						"2.0": {
							"post": {
								"vector": [0, -3.9, 0]
							},
							"lerp_mode": "catmullrom"
						}
					}
				},
				"left_arm": {
					"rotation": {
						"0.0": {
							"vector": [90, 30, -77.5]
						},
						"0.5": {
							"vector": [83.90753, -25.58214, -63.61559]
						},
						"1.0": {
							"vector": [0, -90, 12.5]
						},
						"1.5": {
							"vector": [83.90753, -25.58214, -63.61559]
						},
						"2.0": {
							"vector": [90, 30, -77.5]
						}
					}
				},
				"lower_left_arm": {
					"rotation": {
						"0.0": {
							"vector": [0, 0, 17.5]
						},
						"0.5": {
							"vector": [37.29328, -12.89878, 41.27448]
						},
						"1.0": {
							"vector": [78.66507, 3.76757, 36.95132]
						},
						"1.5": {
							"vector": [37.29328, -12.89878, 41.27448]
						},
						"2.0": {
							"vector": [0, 0, 17.5]
						}
					}
				},
				"palm": {
					"rotation": {
						"0.0": {
							"vector": [0, -12.5, 10]
						},
						"2.0": {
							"vector": [0, -12.5, 10]
						}
					}
				},
				"left_thumb": {
					"rotation": {
						"0.0": {
							"vector": [20, 0, 0]
						},
						"2.0": {
							"vector": [20, 0, 0]
						}
					}
				},